name,price,category,tags
Ultra Glass Shoe Pro,376.94,sport,limited
Eco Table,138.57,furniture,handmade
Golden Steel Phone 2025,284.81,electronics,"limited,new"
Premium Wooden Phone Max,147.05,kitchen,"limited,trending"
Ultra Table,295.34,kitchen,"trending,handmade"
Premium Wooden Bottle,493.95,fashion,"popular,handmade,sale"
Classic Chair Edition,96.00,furniture,popular
Deluxe Bottle,469.47,sport,popular
Golden Cotton Bottle Edition,86.88,furniture,"eco-friendly,trending"
Deluxe Lamp,366.44,toys,trending
Deluxe Leather Bag,66.96,electronics,"eco-friendly,popular,handmade"
Eco Widget Pro,51.89,kitchen,"new,handmade"
Premium Widget Max,108.70,sport,"sale,trending,new"
Super Chair Max,134.93,sport,"handmade,eco-friendly,sale"
Ultra Plastic Table,227.43,furniture,"new,sale"
Smart Table,283.14,kitchen,"trending,eco-friendly,new"
Eco Metal Phone,86.33,fashion,handmade
Smart Metal Bottle,438.89,fashion,popular
Golden Silk Phone,135.87,toys,"new,handmade"
Ultra Phone,233.13,electronics,sale
Smart Steel Shoe,214.82,toys,eco-friendly
Deluxe Widget,168.21,electronics,new
Classic Wooden Lamp,455.96,furniture,handmade
Super Wooden Shoe,186.49,fashion,"sale,limited"
Eco Chair,412.04,kitchen,"sale,limited,eco-friendly"
Deluxe Wooden Widget,243.76,kitchen,"trending,new,eco-friendly"
Golden Chair Limited,361.81,sport,handmade
Deluxe Metal Widget,256.19,toys,"popular,sale,eco-friendly"
Smart Steel Widget Max,456.04,kitchen,"popular,new,sale"
Classic Silk Chair 2025,190.30,kitchen,"popular,new,eco-friendly"
Super Leather Chair,65.43,toys,"limited,trending"
Deluxe Shoe,428.72,sport,"new,limited,sale"
Ultra Leather Bag,470.12,sport,"limited,trending,new"
Classic Chair,168.89,kitchen,"limited,new,popular"
Eco Phone,195.55,sport,new
Smart Glass Bottle Edition,442.32,sport,"new,eco-friendly"
Smart Bag 2025,386.34,kitchen,popular
Golden Shoe,80.73,toys,handmade
Eco Glass Bottle,439.80,furniture,"handmade,sale"
Eco Chair,433.11,electronics,"sale,popular"
Deluxe Phone Edition,467.74,toys,"eco-friendly,popular,sale"
Ultra Chair Limited,112.55,toys,"trending,new,sale"
Eco Shoe,385.87,electronics,popular
Deluxe Wooden Table,227.71,sport,"popular,handmade,sale"
Ultra Metal Shoe Limited,221.00,toys,"handmade,sale,popular"
Classic Lamp,358.82,fashion,new
Classic Shoe 2025,375.35,fashion,"popular,limited,handmade"
Eco Glass Table Edition,448.01,sport,"popular,sale"
Eco Leather Chair,217.37,electronics,"sale,new"
Premium Table,73.98,furniture,"popular,handmade"
Super Silk Bag Edition,262.42,sport,limited
Ultra Metal Bottle,445.64,fashion,"eco-friendly,new"
Ultra Glass Lamp,307.36,toys,"trending,sale,handmade"
Classic Metal Phone,200.35,electronics,"limited,eco-friendly"
Eco Chair,499.86,fashion,"eco-friendly,limited"
Ultra Leather Phone 2025,252.66,toys,"popular,eco-friendly,limited"
Eco Plastic Bottle,66.49,sport,"eco-friendly,new,limited"
Ultra Steel Bag Pro,133.26,furniture,"sale,limited,new"
Deluxe Shoe,215.06,fashion,popular
Smart Leather Widget,290.28,furniture,"new,sale"
Ultra Lamp Limited,426.33,sport,limited
Classic Cotton Table,326.03,sport,"popular,new"
Eco Plastic Phone,335.87,furniture,"trending,new"
Smart Wooden Widget,322.62,furniture,"handmade,sale"
Eco Metal Shoe,392.15,kitchen,"handmade,eco-friendly"
Deluxe Wooden Bottle X,150.00,kitchen,sale
Smart Leather Bag,91.67,kitchen,eco-friendly
Golden Bottle Limited,98.01,kitchen,"new,handmade,eco-friendly"
Classic Widget 2025,133.60,furniture,trending
Classic Widget,459.66,toys,popular
Ultra Steel Shoe Limited,93.70,furniture,"trending,handmade"
Premium Bag,499.58,electronics,handmade
Super Cotton Widget,420.74,furniture,"popular,sale"
Super Leather Chair,393.09,sport,eco-friendly
Ultra Silk Table,253.39,sport,popular
Super Bottle Pro,220.53,toys,trending
Eco Lamp 2025,209.30,furniture,new
Golden Metal Widget X,228.29,fashion,trending
Smart Steel Bottle,406.96,furniture,"popular,sale,handmade"
Eco Table,62.90,furniture,eco-friendly
Classic Widget Max,488.56,furniture,sale
Golden Cotton Bottle Limited,235.82,fashion,"sale,trending"
Eco Shoe,282.71,electronics,"sale,handmade"
Golden Leather Lamp,116.94,furniture,"popular,handmade,eco-friendly"
Classic Table 2025,260.34,electronics,"popular,new,handmade"
Eco Lamp,189.08,kitchen,"new,limited,sale"
Eco Cotton Bottle Max,82.56,fashion,"limited,popular"
Smart Plastic Lamp,179.81,kitchen,limited
Smart Cotton Shoe,464.07,toys,"limited,sale,new"
Classic Table,247.96,kitchen,"sale,new"
Premium Cotton Widget,180.44,sport,handmade
Smart Cotton Shoe,473.22,furniture,new
Classic Lamp,277.15,kitchen,handmade
Deluxe Lamp,483.67,electronics,"eco-friendly,handmade,popular"
Ultra Widget,292.94,electronics,"eco-friendly,sale"
Ultra Wooden Table,125.59,sport,"sale,eco-friendly"
Deluxe Steel Bottle,434.21,kitchen,"new,eco-friendly,popular"
Ultra Bottle,172.12,furniture,"handmade,eco-friendly,new"
Classic Metal Table X,286.77,toys,"eco-friendly,trending,limited"
Premium Glass Chair,435.26,electronics,"new,trending"
Deluxe Shoe,126.50,toys,"handmade,trending,new"
Classic Chair,253.10,fashion,"new,popular,sale"
Classic Phone,407.86,toys,"popular,trending,new"
Eco Widget,143.61,furniture,limited
Ultra Wooden Phone,267.28,fashion,new
Deluxe Plastic Lamp X,141.49,sport,"eco-friendly,popular,trending"
Deluxe Cotton Chair,356.64,electronics,"limited,popular"
Smart Phone,152.82,toys,"new,popular"
Classic Lamp,340.55,kitchen,sale
Premium Lamp,314.81,kitchen,"new,sale,limited"
Super Widget Limited,386.54,furniture,"new,sale"
Premium Cotton Phone,421.87,electronics,"limited,sale,popular"
Premium Glass Phone,251.61,toys,new
Super Silk Phone,450.75,kitchen,"new,popular,eco-friendly"
Golden Lamp,472.28,sport,sale
Premium Steel Bag Pro,423.24,furniture,"sale,popular,eco-friendly"
Premium Table Max,148.91,kitchen,trending
Classic Lamp 2025,361.33,toys,"popular,eco-friendly,new"
Ultra Table,131.61,furniture,limited
Premium Bag,82.76,sport,"sale,handmade"
Smart Cotton Table,298.21,kitchen,"limited,new,sale"
Classic Metal Bag,419.08,toys,eco-friendly
Eco Shoe,96.43,electronics,trending
Eco Bag 2025,211.37,electronics,"handmade,limited"
Smart Leather Shoe,485.89,sport,eco-friendly
Super Cotton Bag Max,178.92,fashion,"sale,limited"
Ultra Leather Lamp X,296.18,fashion,"sale,new"
Deluxe Phone,204.94,toys,eco-friendly
Super Leather Bottle 2025,290.33,kitchen,handmade
Premium Bag,454.97,kitchen,"trending,eco-friendly,new"
Classic Metal Phone Max,382.08,kitchen,new
Ultra Phone,175.26,sport,"handmade,new,trending"
Smart Leather Table Max,70.25,toys,"sale,trending"
Super Shoe,254.10,fashion,"new,eco-friendly"
Golden Metal Shoe,332.07,electronics,"trending,new"
Eco Leather Bag,117.24,kitchen,"limited,handmade,trending"
Golden Shoe,466.73,fashion,"handmade,sale,trending"
Deluxe Steel Bag 2025,402.94,fashion,"handmade,trending"
Classic Metal Table,155.46,electronics,"handmade,new"
Smart Chair,423.91,toys,trending
Super Chair,95.14,sport,"popular,eco-friendly"
Eco Chair Limited,143.04,electronics,new
Premium Table,66.86,sport,"handmade,popular"
Premium Shoe,255.14,kitchen,"sale,trending,handmade"
Premium Shoe,265.61,toys,"eco-friendly,popular"
Eco Lamp,143.24,furniture,popular
Deluxe Glass Bag,405.17,fashion,"sale,limited,trending"
Golden Widget,477.25,sport,"trending,eco-friendly"
Deluxe Shoe,147.48,sport,"popular,eco-friendly,limited"
Golden Shoe Limited,275.77,sport,new
Premium Wooden Widget,139.12,sport,eco-friendly
Super Shoe,252.11,electronics,trending
Ultra Chair,96.86,fashion,trending
Eco Cotton Lamp 2025,289.28,furniture,"new,sale"
Golden Phone Pro,148.77,electronics,new
Smart Plastic Bottle,421.16,kitchen,"popular,eco-friendly,trending"
Golden Chair Pro,342.10,furniture,"handmade,popular,new"
Deluxe Bottle Pro,101.61,fashion,"new,sale"
Super Lamp,64.71,fashion,"limited,popular,trending"
Deluxe Chair,79.86,kitchen,"handmade,popular,sale"
Eco Widget Limited,489.14,toys,sale
Ultra Leather Lamp,145.29,kitchen,"eco-friendly,sale"
Classic Metal Widget,360.61,electronics,"new,limited,eco-friendly"
Super Steel Phone,389.94,toys,limited
Eco Metal Lamp Max,477.58,sport,"new,limited"
Super Phone X,389.31,sport,"handmade,limited"
Super Table,407.39,sport,"limited,eco-friendly"
Classic Steel Bottle Pro,407.20,kitchen,"sale,eco-friendly,trending"
Smart Metal Lamp,335.69,electronics,"handmade,limited,new"
Smart Metal Widget,142.27,sport,"limited,sale"
Eco Leather Widget,115.04,kitchen,eco-friendly
Super Bag 2025,316.83,kitchen,"sale,new,eco-friendly"
Golden Phone,125.97,sport,"trending,eco-friendly,sale"
Super Leather Shoe Edition,96.36,kitchen,"handmade,new"
Super Chair Edition,98.70,sport,"eco-friendly,new"
Golden Cotton Phone,327.46,kitchen,"popular,eco-friendly,sale"
Eco Steel Table 2025,409.29,fashion,trending
Premium Table 2025,154.45,sport,"limited,eco-friendly"
Classic Table,488.13,toys,limited
Premium Plastic Table,125.69,sport,"trending,new,eco-friendly"
Ultra Glass Bag,468.06,electronics,"sale,new,limited"
Premium Leather Shoe Limited,344.10,kitchen,"sale,popular"
Classic Bottle Limited,214.73,electronics,new
Golden Bottle,196.93,sport,eco-friendly
Ultra Metal Chair,446.62,kitchen,"eco-friendly,trending,limited"
Deluxe Silk Table,298.59,toys,"eco-friendly,handmade"
Super Metal Shoe,109.45,toys,"sale,eco-friendly,limited"
Classic Chair Limited,111.19,furniture,"limited,popular"
Golden Glass Table X,437.16,kitchen,"new,popular"
Golden Plastic Widget,218.42,kitchen,new
Smart Widget 2025,321.62,sport,"eco-friendly,limited"
Deluxe Metal Bottle,196.87,toys,"eco-friendly,limited"
Ultra Widget,396.22,toys,"trending,sale"
Deluxe Chair Pro,266.67,sport,"limited,sale,popular"
Golden Plastic Chair,89.76,electronics,"trending,sale,popular"
Premium Table Edition,340.19,kitchen,handmade
Smart Metal Chair,95.68,fashion,"new,sale,handmade"
Eco Bottle,420.83,electronics,"eco-friendly,sale"
Ultra Glass Shoe,463.27,toys,"limited,handmade"
Premium Leather Phone,118.97,fashion,"new,limited,trending"
